Rank,Company_Name,Company_Website,Company_Type,Company_Location
1,Intuit Canada,https://www.greatplacetowork.ca/en/best-workplaces/best-workplaces-in-canada-2019-1000-employees/#2019-best-1000-employees/view-sub-list-details32/592fa90ef2412f0881d98327,Information Technology / Software,"Mississauga, Ontario"
2,ATB Financial,https://www.greatplacetowork.ca/en/best-workplaces/best-workplaces-in-canada-2019-1000-employees/#2019-best-1000-employees/view-sub-list-details32/592fa90bf2412f0881d982aa,Financial Services & Insurance / Banking/Credit Services,"Edmonton,  Alberta"
3,Ultimate Software,https://www.greatplacetowork.ca/en/best-workplaces/best-workplaces-in-canada-2019-1000-employees/#2019-best-1000-employees/view-sub-list-details32/59821036be273455596a0694,Information Technology / Software,"Toronto, Ontario"
4,Salesforce,https://www.greatplacetowork.ca/en/best-workplaces/best-workplaces-in-canada-2019-1000-employees/#2019-best-1000-employees/view-sub-list-details32/59c2ce7f400f0b2373909d40,Information Technology / Software,"Toronto, Ontario"
5,SAP Canada,https://www.greatplacetowork.ca/en/best-workplaces/best-workplaces-in-canada-2019-1000-employees/#2019-best-1000-employees/view-sub-list-details32/592fa911f2412f0881d9837f,11.3 Information Technology // Software,"Toronto, Ontario"
6,Whirlpool Canada,https://www.greatplacetowork.ca/en/best-workplaces/best-workplaces-in-canada-2019-1000-employees/#2019-best-1000-employees/view-sub-list-details32/59d7b9ee05cf6b383c2dd4d6,Manufacturing & Production / Personal and Household goods,"Mississauga, Ontario"
7,Ryan ULC,https://www.greatplacetowork.ca/en/best-workplaces/best-workplaces-in-canada-2019-1000-employees/#2019-best-1000-employees/view-sub-list-details32/592fa911f2412f0881d9837b,Professional Services,"Mississauga, Ontario"
8,Kronos Incorporated,https://www.greatplacetowork.ca/en/best-workplaces/best-workplaces-in-canada-2019-1000-employees/#2019-best-1000-employees/view-sub-list-details32/592fa90ff2412f0881d98335,Information Technology / Software,"Montreal, Quebec"
9,Mastercard Canada,https://www.greatplacetowork.ca/en/best-workplaces/best-workplaces-in-canada-2019-1000-employees/#2019-best-1000-employees/view-sub-list-details32/59b16bb666d9762daff6ff5c,Information Technology,"Toronto, Ontario"
10,SAS Institute (Canada) Inc.,https://www.greatplacetowork.ca/en/best-workplaces/best-workplaces-in-canada-2019-1000-employees/#2019-best-1000-employees/view-sub-list-details32/5aecba9a4c0ec82a1441e4e4,Information Technology / Software,"Toronto, Ontario"
11,Cisco Systems Canada ,https://www.greatplacetowork.ca/en/best-workplaces/best-workplaces-in-canada-2019-1000-employees/#2019-best-1000-employees/view-sub-list-details32/5bd3429d44c6c808959f0ca8,Information Technology,"Toronto, Ontario"
12,Key Assets Newfoundland and Labrador,https://www.greatplacetowork.ca/en/best-workplaces/best-workplaces-in-canada-2019-1000-employees/#2019-best-1000-employees/view-sub-list-details32/592fa90ff2412f0881d9832d,Social Services and Government Agencies / Human health and social work activities,"St. John's, Newfoundland and Labrador"
13,Admiral Insurance Canada,https://www.greatplacetowork.ca/en/best-workplaces/best-workplaces-in-canada-2019-1000-employees/#2019-best-1000-employees/view-sub-list-details32/592fa90af2412f0881d98298,Financial Services & Insurance / Auto Insurance,"Halifax, Nova Scotia"
14,AbbVie,https://www.greatplacetowork.ca/en/best-workplaces/best-workplaces-in-canada-2019-1000-employees/#2019-best-1000-employees/view-sub-list-details32/592fa90af2412f0881d98296,Biotechnology & Pharmaceuticals,"Montreal, Quebec"
15,G Adventures,https://www.greatplacetowork.ca/en/best-workplaces/best-workplaces-in-canada-2019-1000-employees/#2019-best-1000-employees/view-sub-list-details32/592fa90ef2412f0881d9830d,Retail / Specialty,"Toronto, Ontario"
16,Stryker,https://www.greatplacetowork.ca/en/best-workplaces/best-workplaces-in-canada-2019-1000-employees/#2019-best-1000-employees/view-sub-list-details32/592fa912f2412f0881d98399,Health Care / Medical sales/Distribution,"Hamilton, Ontario"
17,Grant Thornton LLP,https://www.greatplacetowork.ca/en/best-workplaces/best-workplaces-in-canada-2019-1000-employees/#2019-best-1000-employees/view-sub-list-details32/592fa90ef2412f0881d98313,"Professional Services / Accounting, bookkeeping and auditing","Toronto, Ontario"
18,ARI,https://www.greatplacetowork.ca/en/best-workplaces/best-workplaces-in-canada-2019-1000-employees/#2019-best-1000-employees/view-sub-list-details32/592fa90bf2412f0881d982a4,Professional Services,"Mississauga, Ontario"
19,Randstad Canada,https://www.greatplacetowork.ca/en/best-workplaces/best-workplaces-in-canada-2019-1000-employees/#2019-best-1000-employees/view-sub-list-details32/592fa911f2412f0881d9836d,Professional Services / Staffing & Recruitment,"Toronto, Ontario"
20,Ceridian,https://www.greatplacetowork.ca/en/best-workplaces/best-workplaces-in-canada-2019-1000-employees/#2019-best-1000-employees/view-sub-list-details32/593b0fda2a981c562410fbd0,Information Technology / Software,"Toronto, Ontario"
21,Edelman Public Relations Worldwide Canada Inc.,https://www.greatplacetowork.ca/en/best-workplaces/best-workplaces-in-canada-2019-1000-employees/#2019-best-1000-employees/view-sub-list-details32/592fa90df2412f0881d982f4,Professional Services,"Toronto, Ontario"
22,"Astellas Pharma Canada, Inc.",https://www.greatplacetowork.ca/en/best-workplaces/best-workplaces-in-canada-2019-1000-employees/#2019-best-1000-employees/view-sub-list-details32/592fa90bf2412f0881d982a8,Biotechnology & Pharmaceuticals / Pharmaceuticals,"Markham, Ontario"
23,Hyundai Auto Canada Corp.,https://www.greatplacetowork.ca/en/best-workplaces/best-workplaces-in-canada-2019-1000-employees/#2019-best-1000-employees/view-sub-list-details32/596ffe520fc64352ef145fe7,Manufacturing & Production / Automotive,"Markham, Ontario"
24,BMW Canada Inc.,https://www.greatplacetowork.ca/en/best-workplaces/best-workplaces-in-canada-2019-1000-employees/#2019-best-1000-employees/view-sub-list-details32/5abbd51bcd73d94aa4cbd8ee,Manufacturing & Production ,"Richmond Hill, Ontario"
25,The Capital Markets Company Limited (Capco),https://www.greatplacetowork.ca/en/best-workplaces/best-workplaces-in-canada-2019-1000-employees/#2019-best-1000-employees/view-sub-list-details32/592fa912f2412f0881d983a3,Professional Services / Consulting – Management,"Toronto, Ontario "
26,Capital One Canada,https://www.greatplacetowork.ca/en/best-workplaces/best-workplaces-in-canada-2019-1000-employees/#2019-best-1000-employees/view-sub-list-details32/592fa90cf2412f0881d982cc,Financial Services & Insurance / Banking / Credit Services,"Toronto, Ontario"
27,Visa Canada,https://www.greatplacetowork.ca/en/best-workplaces/best-workplaces-in-canada-2019-1000-employees/#2019-best-1000-employees/view-sub-list-details32/5af20efbf733a958602c9684,11.0 Information Technology //,", Ontario"
28,EY Canada,https://www.greatplacetowork.ca/en/best-workplaces/best-workplaces-in-canada-2019-1000-employees/#2019-best-1000-employees/view-sub-list-details32/592fa90df2412f0881d982fc,Professional Services,"Toronto, Ontario"
29,Hilton,https://www.greatplacetowork.ca/en/best-workplaces/best-workplaces-in-canada-2019-1000-employees/#2019-best-1000-employees/view-sub-list-details32/5bd34374759282085e3e4e00,Hospitality / Hotel/Resort,"Toronto, Ontario"
30,LoyaltyOne Co.,https://www.greatplacetowork.ca/en/best-workplaces/best-workplaces-in-canada-2019-1000-employees/#2019-best-1000-employees/view-sub-list-details32/592fa90ff2412f0881d98341,Professional Services / Advertising and Marketing,"Toronto, Ontario"
31,Cactus Restaurants Ltd.,https://www.greatplacetowork.ca/en/best-workplaces/best-workplaces-in-canada-2019-1000-employees/#2019-best-1000-employees/view-sub-list-details32/592fa90cf2412f0881d982c4,9.1 Hospitality // Food and Beverage Service,"Vancouver, British Columbia"
32,Kiewit,https://www.greatplacetowork.ca/en/best-workplaces/best-workplaces-in-canada-2019-1000-employees/#2019-best-1000-employees/view-sub-list-details32/592fa90ff2412f0881d98331,"Construction, Infrastructure & Real Estate / Infrastructure","Oakville, Ontario"
33,Wavemaker Canada ULC,https://www.greatplacetowork.ca/en/best-workplaces/best-workplaces-in-canada-2019-1000-employees/#2019-best-1000-employees/view-sub-list-details32/592fa90ff2412f0881d98343,Media,"Toronto, Ontario"
34,JOEY Restaurant Group,https://www.greatplacetowork.ca/en/best-workplaces/best-workplaces-in-canada-2019-1000-employees/#2019-best-1000-employees/view-sub-list-details32/592fa90ff2412f0881d9832b,Hospitality / Food and Beverage Service,"Vancouver, British Columbia"
35,Deloitte,https://www.greatplacetowork.ca/en/best-workplaces/best-workplaces-in-canada-2019-1000-employees/#2019-best-1000-employees/view-sub-list-details32/5bd342c4eb32ea085abb1f2f,Professional Services,"Toronto, Ontario"
36,TD Bank Group,https://www.greatplacetowork.ca/en/best-workplaces/best-workplaces-in-canada-2019-1000-employees/#2019-best-1000-employees/view-sub-list-details32/592fa912f2412f0881d9839d,Financial Services & Insurance / Banking/Credit Services,"Toronto, Ontario"
37,TJX Canada,https://www.greatplacetowork.ca/en/best-workplaces/best-workplaces-in-canada-2019-1000-employees/#2019-best-1000-employees/view-sub-list-details32/592fa913f2412f0881d983af,Retail / Specialty,"Mississauga, Ontario"
38,Morningstar Research Inc.,https://www.greatplacetowork.ca/en/best-workplaces/best-workplaces-in-canada-2019-1000-employees/#2019-best-1000-employees/view-sub-list-details32/592fa910f2412f0881d9834d,Financial Services & Insurance / Investments,"Toronto, Ontario"
39,RBC,https://www.greatplacetowork.ca/en/best-workplaces/best-workplaces-in-canada-2019-1000-employees/#2019-best-1000-employees/view-sub-list-details32/592fa911f2412f0881d9836f,Financial Services & Insurance / Banking/Credit Services,"Toronto, Ontario"
40,New Castle Hotels & Resorts,https://www.greatplacetowork.ca/en/best-workplaces/best-workplaces-in-canada-2019-1000-employees/#2019-best-1000-employees/view-sub-list-details32/59d25f84edbc99284868ab9c,Hospitality / Hotel/Resort,"Halifax, Nova Scotia"
41,3M Canada,https://www.greatplacetowork.ca/en/best-workplaces/best-workplaces-in-canada-2019-1000-employees/#2019-best-1000-employees/view-sub-list-details32/592fa90af2412f0881d98292,Manufacturing & Production,"London, Ontario"
42,Connect Hearing,https://www.greatplacetowork.ca/en/best-workplaces/best-workplaces-in-canada-2019-1000-employees/#2019-best-1000-employees/view-sub-list-details32/592fa90cf2412f0881d982d8,Retail / Specialty,"Victoria, British Columbia"
43,BASF Canada,https://www.greatplacetowork.ca/en/best-workplaces/best-workplaces-in-canada-2019-1000-employees/#2019-best-1000-employees/view-sub-list-details32/592fa90bf2412f0881d982b0,Manufacturing & Production / Chemicals,"Mississauga, Ontario"
44,Hilti Canada Corporation,https://www.greatplacetowork.ca/en/best-workplaces/best-workplaces-in-canada-2019-1000-employees/#2019-best-1000-employees/view-sub-list-details32/592fa90ef2412f0881d9831b,Professional Services,"Mississauga, Ontario"
45,BMO Financial Group,https://www.greatplacetowork.ca/en/best-workplaces/best-workplaces-in-canada-2019-1000-employees/#2019-best-1000-employees/view-sub-list-details32/592fa90bf2412f0881d982be,Financial Services & Insurance / Banking/Credit Services,"Toronto, Ontario"
46,Softchoice,https://www.greatplacetowork.ca/en/best-workplaces/best-workplaces-in-canada-2019-1000-employees/#2019-best-1000-employees/view-sub-list-details32/592fa912f2412f0881d98393,11.4 Information Technology // IT Consulting,"Toronto, Ontario"
47,"The Adecco Group, Canada",https://www.greatplacetowork.ca/en/best-workplaces/best-workplaces-in-canada-2019-1000-employees/#2019-best-1000-employees/view-sub-list-details32/592fa912f2412f0881d983a1,Professional Services / Staffing & Recruitment,"Toronto, Ontario"
48,Thomson Reuters Canada,https://www.greatplacetowork.ca/en/best-workplaces/best-workplaces-in-canada-2019-1000-employees/#2019-best-1000-employees/view-sub-list-details32/592fa913f2412f0881d983a9,Media / Publishing and printing,"Toronto, Ontario"
49,SC Johnson,https://www.greatplacetowork.ca/en/best-workplaces/best-workplaces-in-canada-2019-1000-employees/#2019-best-1000-employees/view-sub-list-details32/592fa911f2412f0881d98387,Manufacturing & Production / Fast Moving Consumer Goods,"Brantford, Ontario"
50,FCT,https://www.greatplacetowork.ca/en/best-workplaces/best-workplaces-in-canada-2019-1000-employees/#2019-best-1000-employees/view-sub-list-details32/592fa90df2412f0881d98300,Financial Services & Insurance / Home Insurance,"Oakville, Ontario"
1,Traction on Demand,https://www.greatplacetowork.ca/en/best-workplaces/best-workplaces-in-canada-2019-100-999-employees/#2019-best-100-999-employees/view-sub-list-details30/592fa913f2412f0881d983b7,Information Technology / IT Consulting,"Burnaby, British Columbia"
2,Ian Martin Group,https://www.greatplacetowork.ca/en/best-workplaces/best-workplaces-in-canada-2019-100-999-employees/#2019-best-100-999-employees/view-sub-list-details30/592fa912f2412f0881d983a5,Professional Services / Staffing & Recruitment,"Oakville, Ontario"
3,The PEER Group Inc.,https://www.greatplacetowork.ca/en/best-workplaces/best-workplaces-in-canada-2019-100-999-employees/#2019-best-100-999-employees/view-sub-list-details30/592fa912f2412f0881d983a7,Information Technology / Software,"Kitchener, Ontario"
4,Explorance,https://www.greatplacetowork.ca/en/best-workplaces/best-workplaces-in-canada-2019-100-999-employees/#2019-best-100-999-employees/view-sub-list-details30/592fa90df2412f0881d982fa,Information Technology / Software,"Montreal, Quebec"
5,Online Business Systems,https://www.greatplacetowork.ca/en/best-workplaces/best-workplaces-in-canada-2019-100-999-employees/#2019-best-100-999-employees/view-sub-list-details30/592fa910f2412f0881d9835b,Information Technology / IT Consulting,"Winnipeg, Manitoba"
6,Wave,https://www.greatplacetowork.ca/en/best-workplaces/best-workplaces-in-canada-2019-100-999-employees/#2019-best-100-999-employees/view-sub-list-details30/59398e0a643d184fb504d74b,Information Technology / Software,"Toronto, Ontario"
7,Klick Inc.,https://www.greatplacetowork.ca/en/best-workplaces/best-workplaces-in-canada-2019-100-999-employees/#2019-best-100-999-employees/view-sub-list-details30/592fa90ff2412f0881d98333,Professional Services / Advertising and Marketing,"Toronto, Ontario"
8,Resolver Inc.,https://www.greatplacetowork.ca/en/best-workplaces/best-workplaces-in-canada-2019-100-999-employees/#2019-best-100-999-employees/view-sub-list-details30/592fa911f2412f0881d98373,Information Technology / Software,"Toronto, Ontario"
9,Points International Ltd.,https://www.greatplacetowork.ca/en/best-workplaces/best-workplaces-in-canada-2019-100-999-employees/#2019-best-100-999-employees/view-sub-list-details30/592fa910f2412f0881d98365,Information Technology / Software,"Toronto, Ontario"
10,Doctors of BC,https://www.greatplacetowork.ca/en/best-workplaces/best-workplaces-in-canada-2019-100-999-employees/#2019-best-100-999-employees/view-sub-list-details30/592fa90bf2412f0881d982b2,Professional Services / Association ,"Vancouver, British Columbia"
11,FreshBooks,https://www.greatplacetowork.ca/en/best-workplaces/best-workplaces-in-canada-2019-100-999-employees/#2019-best-100-999-employees/view-sub-list-details30/592fa90ef2412f0881d98306,Information Technology / Software,"Toronto, Ontario"
12,Axonify Inc.,https://www.greatplacetowork.ca/en/best-workplaces/best-workplaces-in-canada-2019-100-999-employees/#2019-best-100-999-employees/view-sub-list-details30/592fa90bf2412f0881d982ae,Information Technology / Software,"Waterloo, Ontario"
13,Intelex Technologies Inc.,https://www.greatplacetowork.ca/en/best-workplaces/best-workplaces-in-canada-2019-100-999-employees/#2019-best-100-999-employees/view-sub-list-details30/592fa90ef2412f0881d98325,Information Technology / Software,"Toronto, Ontario"
14,Security Compass,https://www.greatplacetowork.ca/en/best-workplaces/best-workplaces-in-canada-2019-100-999-employees/#2019-best-100-999-employees/view-sub-list-details30/5ba4f5feb902b2340a3bb057,Information Technology / Software,"Toronto, Ontario"
15,Gardiner Roberts LLP,https://www.greatplacetowork.ca/en/best-workplaces/best-workplaces-in-canada-2019-100-999-employees/#2019-best-100-999-employees/view-sub-list-details30/592fa90ef2412f0881d9830f,Professional Services / Legal,"Toronto, Ontario"
16,Beyond Technologies,https://www.greatplacetowork.ca/en/best-workplaces/best-workplaces-in-canada-2019-100-999-employees/#2019-best-100-999-employees/view-sub-list-details30/592fa90bf2412f0881d982b6,Information Technology / IT Consulting,"Montreal, Quebec"
17,Bath Fitter Distributing Inc.,https://www.greatplacetowork.ca/en/best-workplaces/best-workplaces-in-canada-2019-100-999-employees/#2019-best-100-999-employees/view-sub-list-details30/5a0378e1d35c045042ba9be0,Manufacturing & Production,"Saint-Eustache, Quebec"
18,Flipp Corporation,https://www.greatplacetowork.ca/en/best-workplaces/best-workplaces-in-canada-2019-100-999-employees/#2019-best-100-999-employees/view-sub-list-details30/592fa90df2412f0881d98304,Information Technology / Software,"Toronto, Ontario"
19,Royal LePage Performance Realty,https://www.greatplacetowork.ca/en/best-workplaces/best-workplaces-in-canada-2019-100-999-employees/#2019-best-100-999-employees/view-sub-list-details30/592fa911f2412f0881d98377,"Construction, Infrastructure & Real Estate /  Real Estate","Ottawa, Ontario"
20,Geotab,https://www.greatplacetowork.ca/en/best-workplaces/best-workplaces-in-canada-2019-100-999-employees/#2019-best-100-999-employees/view-sub-list-details30/59638bc850913a4dcf4e1474,Information Technology / Software,"Oakville, Ontario"
21,Urban Systems Ltd.,https://www.greatplacetowork.ca/en/best-workplaces/best-workplaces-in-canada-2019-100-999-employees/#2019-best-100-999-employees/view-sub-list-details30/592fa913f2412f0881d983c7,Professional Services / Consulting Engineering,"Kamloops, British Columbia"
22,Dejero,https://www.greatplacetowork.ca/en/best-workplaces/best-workplaces-in-canada-2019-100-999-employees/#2019-best-100-999-employees/view-sub-list-details30/5b2bd4d322beaa1345e69a18,Information Technology,"Waterloo, Ontario"
23,Fuller Landau LLP,https://www.greatplacetowork.ca/en/best-workplaces/best-workplaces-in-canada-2019-100-999-employees/#2019-best-100-999-employees/view-sub-list-details30/592fa90ef2412f0881d98309,"Professional Services  / Accounting, bookkeeping and auditing","Toronto, Ontario"
24,BlueCat,https://www.greatplacetowork.ca/en/best-workplaces/best-workplaces-in-canada-2019-100-999-employees/#2019-best-100-999-employees/view-sub-list-details30/592fa90bf2412f0881d982bc,Information Technology / Software,"North York, Ontario"
25,Credit Counselling Society,https://www.greatplacetowork.ca/en/best-workplaces/best-workplaces-in-canada-2019-100-999-employees/#2019-best-100-999-employees/view-sub-list-details30/592fa90cf2412f0881d982e0,Non-profit and Charity Organisations,"New Westminster, British Columbia"
26,Lakeside Process Controls Ltd.,https://www.greatplacetowork.ca/en/best-workplaces/best-workplaces-in-canada-2019-100-999-employees/#2019-best-100-999-employees/view-sub-list-details30/592fa90ff2412f0881d98339,Industrial Services / Engineering,"Mississauga, Ontario"
27,Optimus SBR,https://www.greatplacetowork.ca/en/best-workplaces/best-workplaces-in-canada-2019-100-999-employees/#2019-best-100-999-employees/view-sub-list-details30/5b928420a2ae5109fb0b81a8,Professional Services / Consulting / Management,"Toronto, Ontario"
28,Saskatchewan Research Council,https://www.greatplacetowork.ca/en/best-workplaces/best-workplaces-in-canada-2019-100-999-employees/#2019-best-100-999-employees/view-sub-list-details30/592fa911f2412f0881d98383,Social Services and Government Agencies,"Saskatoon, Saskatchewan"
29,WFCU Credit Union,https://www.greatplacetowork.ca/en/best-workplaces/best-workplaces-in-canada-2019-100-999-employees/#2019-best-100-999-employees/view-sub-list-details30/5bbcff58db349172721ecaac,Financial Services & Insurance,"Windsor, Ontario"
30,Open Door Group,https://www.greatplacetowork.ca/en/best-workplaces/best-workplaces-in-canada-2019-100-999-employees/#2019-best-100-999-employees/view-sub-list-details30/592fa910f2412f0881d9835d,Social Services and Government Agencies / Human health and social work activities,"Vancouver, British Columbia"
31,CapriCMW,https://www.greatplacetowork.ca/en/best-workplaces/best-workplaces-in-canada-2019-100-999-employees/#2019-best-100-999-employees/view-sub-list-details30/592fa90cf2412f0881d982ce,Financial Services & Insurance / General Insurance,"Kelowna, British Columbia"
32,JMP Solutions,https://www.greatplacetowork.ca/en/best-workplaces/best-workplaces-in-canada-2019-100-999-employees/#2019-best-100-999-employees/view-sub-list-details30/592fa90ef2412f0881d98329,Professional Services / Consulting Engineering,"London, Ontario"
33,Trico Homes,https://www.greatplacetowork.ca/en/best-workplaces/best-workplaces-in-canada-2019-100-999-employees/#2019-best-100-999-employees/view-sub-list-details30/592fa913f2412f0881d983bb,"Construction, Infrastructure & Real Estate","Calgary, Alberta"
34,360insights,https://www.greatplacetowork.ca/en/best-workplaces/best-workplaces-in-canada-2019-100-999-employees/#2019-best-100-999-employees/view-sub-list-details30/592fa90af2412f0881d98290,Information Technology / Software,"Whitby, Ontario"
35,Beedie,https://www.greatplacetowork.ca/en/best-workplaces/best-workplaces-in-canada-2019-100-999-employees/#2019-best-100-999-employees/view-sub-list-details30/592fa90bf2412f0881d982b4,"Construction, Infrastructure & Real Estate ","Burnby, British Columbia"
36,Q4 Inc.,https://www.greatplacetowork.ca/en/best-workplaces/best-workplaces-in-canada-2019-100-999-employees/#2019-best-100-999-employees/view-sub-list-details30/5bd0adf936d7aa7a4ad6f07d,Information Technology / Software,"Toronto, Ontario"
37,Vermilion Energy,https://www.greatplacetowork.ca/en/best-workplaces/best-workplaces-in-canada-2019-100-999-employees/#2019-best-100-999-employees/view-sub-list-details30/592fa913f2412f0881d983cb,Manufacturing & Production / Energy,"Calgary, Alberta"
38,Knowledge First Financial Inc.,https://www.greatplacetowork.ca/en/best-workplaces/best-workplaces-in-canada-2019-100-999-employees/#2019-best-100-999-employees/view-sub-list-details30/5a2eaba1014946574475d8be,Financial Services & Insurance,"Mississauga, Ontario"
39,O2E Brands Inc.,https://www.greatplacetowork.ca/en/best-workplaces/best-workplaces-in-canada-2019-100-999-employees/#2019-best-100-999-employees/view-sub-list-details30/592fa910f2412f0881d98359,Professional Services,"Vancouver, British Columbia"
40,Reid's Heritage Group,https://www.greatplacetowork.ca/en/best-workplaces/best-workplaces-in-canada-2019-100-999-employees/#2019-best-100-999-employees/view-sub-list-details30/59a0245b4771b92948e7dcc3,"Construction, Infrastructure & Real Estate ","Cambridge, Ontario"
41,Binnie,https://www.greatplacetowork.ca/en/best-workplaces/best-workplaces-in-canada-2019-100-999-employees/#2019-best-100-999-employees/view-sub-list-details30/593b0448cb8df7562a2a7cad,Professional Services / Consulting Engineering,"Burnaby, British Columbia"
42,Boston Pizza International Inc.,https://www.greatplacetowork.ca/en/best-workplaces/best-workplaces-in-canada-2019-100-999-employees/#2019-best-100-999-employees/view-sub-list-details30/59398ece7096404c39a826b3,Hospitality / Food and Beverage Service,"Richmond, British Columbia"
43,Lamour,https://www.greatplacetowork.ca/en/best-workplaces/best-workplaces-in-canada-2019-100-999-employees/#2019-best-100-999-employees/view-sub-list-details30/5a1f16b63e6f615f45060c75,Manufacturing & Production / Textiles and textile products ,"Montreal, Quebec"
44,T4G Ltd,https://www.greatplacetowork.ca/en/best-workplaces/best-workplaces-in-canada-2019-100-999-employees/#2019-best-100-999-employees/view-sub-list-details30/592fa912f2412f0881d9839b,Information Technology / IT Consulting,"Toronto, Ontario"
45,First National Financial LP,https://www.greatplacetowork.ca/en/best-workplaces/best-workplaces-in-canada-2019-100-999-employees/#2019-best-100-999-employees/view-sub-list-details30/59f9e6a6c0f0184ba783136b,Financial Services & Insurance / Banking/Credit Services,"Toronto, Ontario"
46,Voices.com,https://www.greatplacetowork.ca/en/best-workplaces/best-workplaces-in-canada-2019-100-999-employees/#2019-best-100-999-employees/view-sub-list-details30/592fa913f2412f0881d983cd,Information Technology / Internet Service Provider,"London, Ontario"
47,Richardson GMP,https://www.greatplacetowork.ca/en/best-workplaces/best-workplaces-in-canada-2019-100-999-employees/#2019-best-100-999-employees/view-sub-list-details30/5bb51b7aa785cc6dadccde9e,Financial Services & Insurance / Investments,"Toronto, ON"
48,MOSAIC (Multi-Lingual Orientation Service Association for Immigrant Communities),https://www.greatplacetowork.ca/en/best-workplaces/best-workplaces-in-canada-2019-100-999-employees/#2019-best-100-999-employees/view-sub-list-details30/592fa910f2412f0881d9834f,Non-profit and Charity Organizations,"Vancouver, British Columbia"
49,Toyotoshi Group Canada - Quebec Operations,https://www.greatplacetowork.ca/en/best-workplaces/best-workplaces-in-canada-2019-100-999-employees/#2019-best-100-999-employees/view-sub-list-details30/592fa913f2412f0881d983b5,Retail,"Mississauga, Ontario"
50,Ames Tile & Stone Ltd.,https://www.greatplacetowork.ca/en/best-workplaces/best-workplaces-in-canada-2019-100-999-employees/#2019-best-100-999-employees/view-sub-list-details30/592fa90af2412f0881d9829c,"Construction, Infrastructure & Real Estate / Housing","New Westminster, British Columbia"
1,Habanero Consulting Group,https://www.greatplacetowork.ca/en/best-workplaces/best-workplaces-in-canada-2019-less-than-100-employees/#2019-best--100-employees/view-sub-list-details29/592fa90ef2412f0881d98317,Professional Services,"Vancouver, British Columbia"
2,Plenary Group,https://www.greatplacetowork.ca/en/best-workplaces/best-workplaces-in-canada-2019-less-than-100-employees/#2019-best--100-employees/view-sub-list-details29/5bb616674239170a654f0a68,Financial Services & Insurance,"Toronto, Ontario"
3,Equium Group,https://www.greatplacetowork.ca/en/best-workplaces/best-workplaces-in-canada-2019-less-than-100-employees/#2019-best--100-employees/view-sub-list-details29/5b8d66c7fbc3d6409f3c36b7,"Construction, Infrastructure & Real Estate / Property Management","Calgary, Alberta"
4,Simply Green Home Services Inc.,https://www.greatplacetowork.ca/en/best-workplaces/best-workplaces-in-canada-2019-less-than-100-employees/#2019-best--100-employees/view-sub-list-details29/592fa912f2412f0881d9838d,Retail,"Toronto, Ontario"
5,A Thinking Ape Entertainment Ltd.,https://www.greatplacetowork.ca/en/best-workplaces/best-workplaces-in-canada-2019-less-than-100-employees/#2019-best--100-employees/view-sub-list-details29/5b871e40157be47d9ec18e19,Information Technology / Software,"Vancouver, British Columbia"
6,Isaac Operations,https://www.greatplacetowork.ca/en/best-workplaces/best-workplaces-in-canada-2019-less-than-100-employees/#2019-best--100-employees/view-sub-list-details29/59e8de2c7b71385111d19d58,Professional Services / Consulting – Management,"Toronto, Ontario"
7,Sklar Wilton & Associates,https://www.greatplacetowork.ca/en/best-workplaces/best-workplaces-in-canada-2019-less-than-100-employees/#2019-best--100-employees/view-sub-list-details29/592fa912f2412f0881d98391,Professional Services,"Toronto, Ontario"
8,Dun & Bradstreet Canada,https://www.greatplacetowork.ca/en/best-workplaces/best-workplaces-in-canada-2019-less-than-100-employees/#2019-best--100-employees/view-sub-list-details29/5972414efa3db858ce4d80b8,Financial Services & Insurance / Banking/Credit Services,"Mississauga, Ontario"
9,MobSquad,https://www.greatplacetowork.ca/en/best-workplaces/best-workplaces-in-canada-2019-less-than-100-employees/#2019-best--100-employees/view-sub-list-details29/5bf622c98065ba494a53b6c6,Information Technology,"Calgary, Alberta"
10,Wynford/EventSimple,https://www.greatplacetowork.ca/en/best-workplaces/best-workplaces-in-canada-2019-less-than-100-employees/#2019-best--100-employees/view-sub-list-details29/592fa914f2412f0881d983d3,Professional Services,"Toronto, Ontario"
11,SnapTravel,https://www.greatplacetowork.ca/en/best-workplaces/best-workplaces-in-canada-2019-less-than-100-employees/#2019-best--100-employees/view-sub-list-details29/5bbd0f95780e0a54922e1cba,Information Technology / Software,"Toronto, Ontario"
12,AppCentrica Inc.,https://www.greatplacetowork.ca/en/best-workplaces/best-workplaces-in-canada-2019-less-than-100-employees/#2019-best--100-employees/view-sub-list-details29/592fa90af2412f0881d982a0,Information Technology,"Toronto, Ontario"
13,SaskCentral (Credit Union Central of Saskatchewan),https://www.greatplacetowork.ca/en/best-workplaces/best-workplaces-in-canada-2019-less-than-100-employees/#2019-best--100-employees/view-sub-list-details29/592fa911f2412f0881d98385,Financial Services & Insurance / Investments,"Regina, Saskatchewan"
14,Viva Naturals,https://www.greatplacetowork.ca/en/best-workplaces/best-workplaces-in-canada-2019-less-than-100-employees/#2019-best--100-employees/view-sub-list-details29/5baaa14ad2db9437927026f5,Manufacturing & Production / Personal and Household goods,"Toronto, Ontario"
15,Cresa Alberta,https://www.greatplacetowork.ca/en/best-workplaces/best-workplaces-in-canada-2019-less-than-100-employees/#2019-best--100-employees/view-sub-list-details29/592fa90df2412f0881d982e2,Professional Services,"Calgary, Alberta"
16,Inertia Engineering + Design Inc.,https://www.greatplacetowork.ca/en/best-workplaces/best-workplaces-in-canada-2019-less-than-100-employees/#2019-best--100-employees/view-sub-list-details29/5b5a0a7b664d1c3b28d21daf,Professional Services,"Toronto, Ontario"
17,Smile.io,https://www.greatplacetowork.ca/en/best-workplaces/best-workplaces-in-canada-2019-less-than-100-employees/#2019-best--100-employees/view-sub-list-details29/5ac68307613d261f61aa9768,11.3 Information Technology // Software,"Kitchener, Ontario"
18,CrowdRiff,https://www.greatplacetowork.ca/en/best-workplaces/best-workplaces-in-canada-2019-less-than-100-employees/#2019-best--100-employees/view-sub-list-details29/5a970c57f965a714bf1ac6a6,Information Technology / Software,"Toronto, Ontario"
19,Fiix Inc.,https://www.greatplacetowork.ca/en/best-workplaces/best-workplaces-in-canada-2019-less-than-100-employees/#2019-best--100-employees/view-sub-list-details29/5b5730f0a315b0089e505462,Information Technology / Software,"Toronto, Ontario"
20,Lumency Inc.,https://www.greatplacetowork.ca/en/best-workplaces/best-workplaces-in-canada-2019-less-than-100-employees/#2019-best--100-employees/view-sub-list-details29/59c56e650eaf55234951937f,Professional Services  / Advertising and Marketing,"Toronto, Ontario"
21,Smart Dolphins IT Solutions Inc.,https://www.greatplacetowork.ca/en/best-workplaces/best-workplaces-in-canada-2019-less-than-100-employees/#2019-best--100-employees/view-sub-list-details29/5b3bcb01a77b3f37e7d10d88,11.0 Information Technology //,"Victoria, British Columbia"
22,Uken Games,https://www.greatplacetowork.ca/en/best-workplaces/best-workplaces-in-canada-2019-less-than-100-employees/#2019-best--100-employees/view-sub-list-details29/592fa913f2412f0881d983c3,Information Technology / Software,"Toronto, Ontario"
23,Kootenay Career Development Society,https://www.greatplacetowork.ca/en/best-workplaces/best-workplaces-in-canada-2019-less-than-100-employees/#2019-best--100-employees/view-sub-list-details29/5b4e8736e67b180e261547cf,Non-profit and Charity Organizations,"Nelson, British Columbia"
24,Managing Matters,https://www.greatplacetowork.ca/en/best-workplaces/best-workplaces-in-canada-2019-less-than-100-employees/#2019-best--100-employees/view-sub-list-details29/5a036226fb069050540dc815,Professional Services / Business Process Outsourcing,"Toronto, Ontario"
25,PACE Technical Inc.,https://www.greatplacetowork.ca/en/best-workplaces/best-workplaces-in-canada-2019-less-than-100-employees/#2019-best--100-employees/view-sub-list-details29/592fa910f2412f0881d98361,Information Technology / IT Consulting,"Markham, Ontario"
26,"Microdea, Inc.",https://www.greatplacetowork.ca/en/best-workplaces/best-workplaces-in-canada-2019-less-than-100-employees/#2019-best--100-employees/view-sub-list-details29/59398ef1f06be34d5da0a41d,Information Technology / Software,"Markham, Ontario"
27,Borrowell,https://www.greatplacetowork.ca/en/best-workplaces/best-workplaces-in-canada-2019-less-than-100-employees/#2019-best--100-employees/view-sub-list-details29/5b10433faf6ef35d2385f65d,Financial Services & Insurance,"Toronto, Ontario"
28,Openmind Technologies,https://www.greatplacetowork.ca/en/best-workplaces/best-workplaces-in-canada-2019-less-than-100-employees/#2019-best--100-employees/view-sub-list-details29/5bc8cc943ab8e579db7f33c2,Information Technology,"Blainville, Quebec"
29,Nymi Inc.,https://www.greatplacetowork.ca/en/best-workplaces/best-workplaces-in-canada-2019-less-than-100-employees/#2019-best--100-employees/view-sub-list-details29/5bec790e2362840246831738,Information Technology,"Toronto, Ontario"
30,Fiasco Gelato,https://www.greatplacetowork.ca/en/best-workplaces/best-workplaces-in-canada-2019-less-than-100-employees/#2019-best--100-employees/view-sub-list-details29/5b0db1463cf1d3527b016979,Manufacturing & Production / Food products / Dairy and Poultry,"Calgary, Alberta"
31,Nest Wealth,https://www.greatplacetowork.ca/en/best-workplaces/best-workplaces-in-canada-2019-less-than-100-employees/#2019-best--100-employees/view-sub-list-details29/5b280222f96929268d6dd953,Financial Services & Insurance / Investments,"Toronto, Ontario"
32,KFC,https://www.greatplacetowork.ca/en/best-workplaces/best-workplaces-in-canada-2019-less-than-100-employees/#2019-best--100-employees/view-sub-list-details29/592fa914f2412f0881d983d5,Hospitality / Food and Beverage Service,"Vaughan, Ontario"
33,Group IN-RGY Consulting,https://www.greatplacetowork.ca/en/best-workplaces/best-workplaces-in-canada-2019-less-than-100-employees/#2019-best--100-employees/view-sub-list-details29/593b3144575bd45a276c9359,Information Technology / IT Consulting,"Montreal, Quebec"
34,Eagle Professional Resources Inc.,https://www.greatplacetowork.ca/en/best-workplaces/best-workplaces-in-canada-2019-less-than-100-employees/#2019-best--100-employees/view-sub-list-details29/592fa90df2412f0881d982f0,Professional Services / Staffing & Recruitment,"Ottawa, Ontario"
35,Electromate Inc.,https://www.greatplacetowork.ca/en/best-workplaces/best-workplaces-in-canada-2019-less-than-100-employees/#2019-best--100-employees/view-sub-list-details29/596911984bd04053057f38f9,Industrial Services,"Vaughan, Ontario"
36,Luxy Hair,https://www.greatplacetowork.ca/en/best-workplaces/best-workplaces-in-canada-2019-less-than-100-employees/#2019-best--100-employees/view-sub-list-details29/5b6b379c1fe28b535c21771d,Retail / Specialty,"Toronto, Ontario"
37,Phoenix Contact Ltd.,https://www.greatplacetowork.ca/en/best-workplaces/best-workplaces-in-canada-2019-less-than-100-employees/#2019-best--100-employees/view-sub-list-details29/592fa910f2412f0881d98363,Manufacturing & Production / Electronics,"Milton, Ontario"
38,Proof Experiences Inc.,https://www.greatplacetowork.ca/en/best-workplaces/best-workplaces-in-canada-2019-less-than-100-employees/#2019-best--100-employees/view-sub-list-details29/593b30717b690657a6f98772,Professional Services / Advertising and Marketing,"Toronto, Ontario"
39,Present,https://www.greatplacetowork.ca/en/best-workplaces/best-workplaces-in-canada-2019-less-than-100-employees/#2019-best--100-employees/view-sub-list-details29/5a7a2ad64796224d644be264,Information Technology,"Saint-Laurent, Quebec"
40,Opencare,https://www.greatplacetowork.ca/en/best-workplaces/best-workplaces-in-canada-2019-less-than-100-employees/#2019-best--100-employees/view-sub-list-details29/5a15b2c5c47f515b5f05e810,Information Technology,"Toronto, Ontario"
41,True North Solutions,https://www.greatplacetowork.ca/en/best-workplaces/best-workplaces-in-canada-2019-less-than-100-employees/#2019-best--100-employees/view-sub-list-details29/592fa913f2412f0881d983bf,Industrial Services / Engineering,"Calgary, Alberta"
42,Pedalheads,https://www.greatplacetowork.ca/en/best-workplaces/best-workplaces-in-canada-2019-less-than-100-employees/#2019-best--100-employees/view-sub-list-details29/5a8df287ecf57f282b6fa0e7,Education & Training,"Vancouver, British Columbia"
43,GroupeX Solutions ,https://www.greatplacetowork.ca/en/best-workplaces/best-workplaces-in-canada-2019-less-than-100-employees/#2019-best--100-employees/view-sub-list-details29/59f8bc1bdedc3f4ce400731e,Information Technology / IT Consulting,"Toronto, Ontario"
44,Diff,https://www.greatplacetowork.ca/en/best-workplaces/best-workplaces-in-canada-2019-less-than-100-employees/#2019-best--100-employees/view-sub-list-details29/594291590a8f484be4dbc2f6,Information Technology ,"Montreal, Quebec"
45,Intercept,https://www.greatplacetowork.ca/en/best-workplaces/best-workplaces-in-canada-2019-less-than-100-employees/#2019-best--100-employees/view-sub-list-details29/5b2923ec40ee6a5892a72b5b,Professional Services  / Advertising and Marketing,"Toronto, Ontario"
46,Bateman MacKay LLP,https://www.greatplacetowork.ca/en/best-workplaces/best-workplaces-in-canada-2019-less-than-100-employees/#2019-best--100-employees/view-sub-list-details29/5bfff801db342a08c993a4a4,"Professional Services  / Accounting, Bookkeeping and Auditing ","Burlington, Ontario"
47,Capital Engineering,https://www.greatplacetowork.ca/en/best-workplaces/best-workplaces-in-canada-2019-less-than-100-employees/#2019-best--100-employees/view-sub-list-details29/592fa90cf2412f0881d982ca,Professional Services / Consulting Engineering,"Edmonton, Alberta"
48,Inclusive Advisory,https://www.greatplacetowork.ca/en/best-workplaces/best-workplaces-in-canada-2019-less-than-100-employees/#2019-best--100-employees/view-sub-list-details29/5bed860b7ad0234bd8c807ac,Professional Services  ,"Peterborough, Ontario"
49,Consumer Protection BC,https://www.greatplacetowork.ca/en/best-workplaces/best-workplaces-in-canada-2019-less-than-100-employees/#2019-best--100-employees/view-sub-list-details29/592fa90cf2412f0881d982da,Social Services and Government Agencies / General public administration activities,"Victoria, British Columbia"
50,Sparkrock,https://www.greatplacetowork.ca/en/best-workplaces/best-workplaces-in-canada-2019-less-than-100-employees/#2019-best--100-employees/view-sub-list-details29/592fa912f2412f0881d98397,Information Technology / Software,"Toronto, Ontario"
